ID, Name, PhotoUrl
417909034,Johnny Silva,https://randomuser.me/api/portraits/men/36.jpg
956592234,Ernest Spencer,https://randomuser.me/api/portraits/men/38.jpg
928795534,Evan Harvey,https://randomuser.me/api/portraits/men/38.jpg
300205360,Willard Kennedy,https://randomuser.me/api/portraits/men/7.jpg
66290456,Mathew Dunn,https://randomuser.me/api/portraits/men/34.jpg
908090815,Amelia Kennedy,https://randomuser.me/api/portraits/women/8.jpg
246573156,Jerry Campbell,https://randomuser.me/api/portraits/men/96.jpg
135842463,Zack Taylor,https://randomuser.me/api/portraits/men/19.jpg
623208425,Billie Torres,https://randomuser.me/api/portraits/women/95.jpg
590937666,Vivan Allen,https://randomuser.me/api/portraits/women/65.jpg
